<?xml version="1.0"?>
<!--
/**
 * Landofcoder
 * 
 * NOTICE OF LICENSE
 * 
 * This source file is subject to the Landofcoder.com license that is
 * available through the world-wide-web at this URL:
 * http://www.landofcoder.com/license-agreement.html
 * 
 * DISCLAIMER
 * 
 * Do not edit or add to this file if you wish to upgrade this extension to newer
 * version in the future.
 * 
 * @category   Landofcoder
 * @package    Lof_MarketPlace
 * @copyright  Copyright (c) 2014 Landofcoder (http://www.landofcoder.com/)
 * @license    http://www.landofcoder.com/LICENSE-1.0.html
 */
-->
<config xmlns:xsi="http://www.w3.org/2001/XMLSchema-instance" xsi:noNamespaceSchemaLocation="urn:magento:framework:Event/etc/events.xsd">
    <event name="catalog_product_edit_action">
        <observer name="lof_marketplace_loadproductseller" instance="Lof\MarketPlace\Observer\LoadProductSeller" />
    </event>
    <event name="controller_action_catalog_product_save_entity_after">
        <observer name="lof_marketplace_saveproductseller" instance="Lof\MarketPlace\Observer\SaveProductSeller" />
    </event>
    <event name="checkout_submit_all_after">
        <observer name="marketplace_create_order" instance="Lof\MarketPlace\Observer\OrderStatusChanged" />
    </event>
</config>
