<?xml version="1.0"?>
<!--
/**
 * Venustheme
 * 
 * NOTICE OF LICENSE
 * 
 * This source file is subject to the Venustheme.com license that is
 * available through the world-wide-web at this URL:
 * http://www.venustheme.com/license-agreement.html
 * 
 * DISCLAIMER
 * 
 * Do not edit or add to this file if you wish to upgrade this extension to newer
 * version in the future.
 * 
 * @category   Venustheme
 * @package    Lof_MarketPlace
 * @copyright  Copyright (c) 2014 Venustheme (http://www.venustheme.com/)
 * @license    http://www.venustheme.com/LICENSE-1.0.html
 */
-->
<config xmlns:xsi="http://www.w3.org/2001/XMLSchema-instance" xsi:noNamespaceSchemaLocation="urn:magento:framework:Event/etc/events.xsd">
    <!-- <event name="catalog_product_edit_action">
        <observer name="lof_marketplace_loadproductmarketplace" instance="Lof\MarketPlace\Observer\LoadProductMarketPlace" />
    </event> -->
    <event name="controller_action_catalog_product_save_entity_after">
        <observer name="lof_marketplace_saveproductseller" instance="Lof\MarketPlace\Observer\SaveProductSeller" />
    </event>
    <event name="sales_order_creditmemo_refund">
    <observer name="lof_marketplace_order_refund" instance="Lof\MarketPlace\Observer\OrderRefund" />
  </event>
  <event name="sales_order_invoice_save_after">
    <observer name="lof_marketplace_order_invoice" instance="Lof\MarketPlace\Observer\OrderInvoice" />
  </event>
  <event name="sales_order_shipment_save_after">
        <observer name="lof_marketplace_order_shipment" instance="Lof\MarketPlace\Observer\OrderShipment" />
  </event>
</config>


