<?xml version="1.0"?>
<!--
/**
 * Landofcoder
 * 
 * NOTICE OF LICENSE
 * 
 * This source file is subject to the Landofcoder.com license that is
 * available through the world-wide-web at this URL:
 * http://www.venustheme.com/license-agreement.html
 * 
 * DISCLAIMER
 * 
 * Do not edit or add to this file if you wish to upgrade this extension to newer
 * version in the future.
 * 
 * @category   Landofcoder
 * @package    Lof_MarketPlace
 * @copyright  Copyright (c) 2017 Landofcoder (http://www.venustheme.com/)
 * @license    http://www.venustheme.com/LICENSE-1.0.html
 */
-->
<config xmlns:xsi="http://www.w3.org/2001/XMLSchema-instance" xsi:noNamespaceSchemaLocation="urn:magento:framework:ObjectManager/etc/config.xsd">
    <preference for="Magento\Framework\UrlInterface" type="Lof\MarketPlace\Model\UrlInterface" />
    <preference for="Magento\Framework\View\Page\FaviconInterface" type="Lof\MarketPlace\Model\Favicon" />
    <preference for="Magento\Backend\Model\Menu\Item" type="Lof\MarketPlace\Model\Menu\Item" />
    <preference for="Magento\Backend\Model\Menu\Config\Converter" type="Lof\MarketPlace\Model\Menu\Config\Converter" />
    <preference for="Magento\Backend\Model\Menu\Config\SchemaLocator" type="Lof\MarketPlace\Model\Menu\Config\SchemaLocator" />
    <preference for="\Magento\Backend\Block\Widget\Button" type="Lof\MarketPlace\Block\Seller\Widget\Button" />
     <type name="Magento\Framework\App\RouterList">
        <arguments>
            <argument name="routerList" xsi:type="array">
                <item name="marketplace" xsi:type="array">
                    <item name="class" xsi:type="string">Lof\MarketPlace\App\Router</item>
                    <item name="disable" xsi:type="boolean">false</item>
                    <item name="sortOrder" xsi:type="string">22</item>
                </item>
                <item name="default" xsi:type="array">
                    <item name="class" xsi:type="string">Magento\Framework\App\Router\DefaultRouter</item>
                    <item name="disable" xsi:type="boolean">false</item>
                    <item name="sortOrder" xsi:type="string">100</item>
                </item>
            </argument>
        </arguments>
    </type>
    <type name="Magento\Framework\View\Layout">
        <arguments>
            <argument name="area" xsi:type="string">marketplace</argument>
        </arguments>
    </type>
    <preference for="Magento\Catalog\Ui\Component\Listing\Attribute\RepositoryInterface" type="Magento\Catalog\Ui\Component\Listing\Attribute\Repository"/>
    <preference for="Magento\Ui\DataProvider\Modifier\PoolInterface" type="Magento\Ui\DataProvider\Modifier\Pool"/>
    <preference for="Magento\Catalog\Model\Locator\LocatorInterface" type="Magento\Catalog\Model\Locator\RegistryLocator"/>
    
    <type name="Magento\Ui\DataProvider\Mapper\FormElement">
        <arguments>
            <argument name="mappings" xsi:type="array">
                <item name="text" xsi:type="string">input</item>
                <item name="hidden" xsi:type="string">input</item>
                <item name="boolean" xsi:type="string">checkbox</item>
                <item name="media_image" xsi:type="string">image</item>
                <item name="price" xsi:type="string">input</item>
                <item name="weight" xsi:type="string">input</item>
                <item name="gallery" xsi:type="string">image</item>
            </argument>
        </arguments>
    </type>
    <type name="Magento\Ui\DataProvider\Mapper\MetaProperties">
        <arguments>
            <argument name="mappings" xsi:type="array">
                <item name="dataType" xsi:type="string">frontend_input</item>
                <item name="visible" xsi:type="string">is_visible</item>
                <item name="required" xsi:type="string">is_required</item>
                <item name="label" xsi:type="string">frontend_label</item>
                <item name="sortOrder" xsi:type="string">sort_order</item>
                <item name="notice" xsi:type="string">note</item>
                <item name="default" xsi:type="string">default_value</item>
                <item name="size" xsi:type="string">multiline_count</item>
                <item name="scope" xsi:type="string">is_global</item>
            </argument>
        </arguments>
    </type>
    <virtualType name="Magento\Catalog\Ui\DataProvider\Product\Form\Modifier\Pool" type="Magento\Ui\DataProvider\Modifier\Pool">
        <arguments>
            <argument name="modifiers" xsi:type="array">
                <item name="eav" xsi:type="array">
                    <item name="class" xsi:type="string">Magento\Catalog\Ui\DataProvider\Product\Form\Modifier\Eav</item>
                    <item name="sortOrder" xsi:type="number">10</item>
                </item>
                <item name="attribute_set_id" xsi:type="array">
                    <item name="class" xsi:type="string">Magento\Catalog\Ui\DataProvider\Product\Form\Modifier\AttributeSet</item>
                    <item name="sortOrder" xsi:type="number">20</item>
                </item>
                <item name="websites" xsi:type="array">
                    <item name="class" xsi:type="string">Magento\Catalog\Ui\DataProvider\Product\Form\Modifier\Websites</item>
                    <item name="sortOrder" xsi:type="number">30</item>
                </item>
                <item name="system" xsi:type="array">
                    <item name="class" xsi:type="string">Magento\Catalog\Ui\DataProvider\Product\Form\Modifier\System</item>
                    <item name="sortOrder" xsi:type="number">40</item>
                </item>
                <item name="general" xsi:type="array">
                    <item name="class" xsi:type="string">Magento\Catalog\Ui\DataProvider\Product\Form\Modifier\General</item>
                    <item name="sortOrder" xsi:type="number">50</item>
                </item>
                <item name="categories" xsi:type="array">
                    <item name="class" xsi:type="string">Lof\MarketPlace\Ui\DataProvider\Product\Form\Modifier\Categories</item>
                    <item name="sortOrder" xsi:type="number">60</item>
                </item>
                <item name="custom-options" xsi:type="array">
                    <item name="class" xsi:type="string">Magento\Catalog\Ui\DataProvider\Product\Form\Modifier\CustomOptions</item>
                    <item name="sortOrder" xsi:type="number">70</item>
                </item>
                <item name="advanced-pricing" xsi:type="array">
                    <item name="class" xsi:type="string">Magento\Catalog\Ui\DataProvider\Product\Form\Modifier\AdvancedPricing</item>
                    <item name="sortOrder" xsi:type="number">90</item>
                </item>
                 <item name="image-management" xsi:type="array">
                    <item name="class" xsi:type="string">Magento\Catalog\Ui\DataProvider\Product\Form\Modifier\Images</item>
                    <item name="sortOrder" xsi:type="number">100</item>
                </item>
                <item name="related" xsi:type="array">
                    <item name="class" xsi:type="string">Magento\Catalog\Ui\DataProvider\Product\Form\Modifier\Related</item>
                    <item name="sortOrder" xsi:type="number">110</item>
                </item>
                <item name="attributes" xsi:type="array">
                    <item name="class" xsi:type="string">Magento\Catalog\Ui\DataProvider\Product\Form\Modifier\Attributes</item>
                    <item name="sortOrder" xsi:type="number">120</item>
                </item>
                
                <item name="advancedInventory" xsi:type="array">
                    <item name="class" xsi:type="string">Magento\CatalogInventory\Ui\DataProvider\Product\Form\Modifier\AdvancedInventory</item>
                    <item name="sortOrder" xsi:type="number">130</item>
                </item>
                <item name="marketplace" xsi:type="array">
                    <item name="class" xsi:type="string">Lof\MarketPlace\Ui\DataProvider\Product\Form\Modifier\MarketPlace</item>
                    <item name="sortOrder" xsi:type="number">200</item>
                </item>
            </argument>
        </arguments>
    </virtualType>
    <type name="Magento\Catalog\Controller\Adminhtml\Product\Attribute">
        <arguments>
            <argument name="attributeLabelCache" xsi:type="object">Magento\Framework\App\Cache\Type\Translate</argument>
        </arguments>
    </type>
    <type name="Magento\Catalog\Block\Adminhtml\Product\Frontend\Product\Watermark">
        <arguments>
            <argument name="imageTypes" xsi:type="array">
                <item name="small" xsi:type="array">
                    <item name="title" xsi:type="string">Small</item>
                    <item name="attribute" xsi:type="string">small_image</item>
                </item>
                <item name="main" xsi:type="array">
                    <item name="title" xsi:type="string">Main</item>
                    <item name="attribute" xsi:type="string">image</item>
                </item>
                <item name="cart" xsi:type="array">
                    <item name="title" xsi:type="string">Thumbnail</item>
                    <item name="attribute" xsi:type="string">thumbnail</item>
                </item>
                <item name="custom" xsi:type="array">
                    <item name="title" xsi:type="string">Custom image</item>
                    <item name="attribute" xsi:type="string">custom_image</item>
                </item>
            </argument>
        </arguments>
    </type>
    <type name="Magento\Catalog\Model\Product\CopyConstructor\Composite">
        <arguments>
            <argument name="constructors" xsi:type="array">
                <item name="crossSell" xsi:type="string">Magento\Catalog\Model\Product\CopyConstructor\CrossSell</item>
                <item name="upSell" xsi:type="string">Magento\Catalog\Model\Product\CopyConstructor\UpSell</item>
                <item name="related" xsi:type="string">Magento\Catalog\Model\Product\CopyConstructor\Related</item>
            </argument>
        </arguments>
    </type>
    <type name="Magento\Catalog\Model\Product\Copier">
        <arguments>
            <argument name="copyConstructor" xsi:type="object">Magento\Catalog\Model\Product\CopyConstructor\Composite</argument>
        </arguments>
    </type>
    <type name="Magento\Catalog\Ui\DataProvider\Product\ProductDataProvider">
        <arguments>
            <argument name="addFieldStrategies" xsi:type="array">
                <item name="websites" xsi:type="object">Magento\Catalog\Ui\DataProvider\Product\AddWebsitesFieldToCollection</item>
            </argument>
            <argument name="addFilterStrategies" xsi:type="array">
                <item name="store_id" xsi:type="object">Magento\Catalog\Ui\DataProvider\Product\AddStoreFieldToCollection</item>
            </argument>
        </arguments>
    </type>
    <type name="Magento\Catalog\Ui\DataProvider\Product\Form\ProductDataProvider">
        <arguments>
            <argument name="pool" xsi:type="object">Magento\Catalog\Ui\DataProvider\Product\Form\Modifier\Pool</argument>
        </arguments>
    </type>
    <type name="Magento\Catalog\Ui\DataProvider\Product\Form\Modifier\Eav\CompositeConfigProcessor">
        <arguments>
            <argument name="eavWysiwygDataProcessors" xsi:type="array">
                <item name="default" xsi:type="object">Magento\Catalog\Ui\DataProvider\Product\Form\Modifier\Eav\WysiwygConfigDataProcessor</item>
            </argument>
        </arguments>
    </type>
    <type name="Magento\Catalog\Ui\DataProvider\Product\Form\Modifier\CustomOptions">
        <arguments>
            <argument name="scopeName" xsi:type="string">product_form.product_form</argument>
        </arguments>
    </type>
    <type name="Magento\Catalog\Ui\DataProvider\Product\Form\Modifier\Related">
        <arguments>
            <argument name="scopeName" xsi:type="string">product_form.product_form</argument>
        </arguments>
    </type>
    <type name="Magento\Catalog\Ui\DataProvider\Product\Form\Modifier\AdvancedPricing">
        <arguments>
            <argument name="scopeName" xsi:type="string">product_form.product_form</argument>
        </arguments>
    </type>
</config>
