<?xml version="1.0"?>
<!--
/**
 * Landofcoder
 * 
 * NOTICE OF LICENSE
 * 
 * This source file is subject to the Landofcoder.com license that is
 * available through the world-wide-web at this URL:
 * http://www.venustheme.com/license-agreement.html
 * 
 * DISCLAIMER
 * 
 * Do not edit or add to this file if you wish to upgrade this extension to newer
 * version in the future.
 * 
 * @category   Landofcoder
 * @package    Lof_MarketPlace
 * @copyright  Copyright (c) 2014 Landofcoder (http://www.venustheme.com/)
 * @license    http://www.venustheme.com/LICENSE-1.0.html
 */
-->
<config xmlns:xsi="http://www.w3.org/2001/XMLSchema-instance" xsi:noNamespaceSchemaLocation="urn:magento:framework:App/etc/routes.xsd">
    <router id="marketplace">
        <route id="catalog" frontName="catalog">
            <module name="Lof_MarketPlace" after="Magento_Catalog"/>
        </route>
        <route id="mui" frontName="mui">
            <module name="Lof_MarketPlace" after="Magento_Catalog"/>
        </route>
        <route id="customer" frontName="customer">
            <module name="Lof_MarketPlace" after="Magento_Catalog"/>
        </route>
    </router>
</config>